ID,P20
1,V_20-1
2,V_20-2
3,V_20-3
4,V_20-4
5,V_20-5
6,V_20-6
7,V_20-7
8,V_20-8
9,V_20-9
10,V_20-10
11,V_20-11
12,V_20-12
13,V_20-13
14,V_20-14
15,V_20-15
16,V_20-16
17,V_20-17
18,V_20-18
19,V_20-19
20,V_20-20
21,V_20-21
22,V_20-22
23,V_20-23
24,V_20-24
25,V_20-25
26,V_20-26
27,V_20-27
28,V_20-28
29,V_20-29
30,V_20-30
31,V_20-31
32,V_20-32
33,V_20-33
34,V_20-34
35,V_20-35
36,V_20-36
37,V_20-37
38,V_20-38
39,V_20-39
40,V_20-40
41,V_20-41
42,V_20-42
43,V_20-43
44,V_20-44
45,V_20-45
46,V_20-46
47,V_20-47
48,V_20-48
49,V_20-49
50,V_20-50
51,V_20-51
52,V_20-52
53,V_20-53
54,V_20-54
55,V_20-55
56,V_20-56
57,V_20-57
58,V_20-58
59,V_20-59
60,V_20-60
61,V_20-61
62,V_20-62
63,V_20-63
64,V_20-64
65,V_20-65
66,V_20-66
67,V_20-67
68,V_20-68
69,V_20-69
70,V_20-70
71,V_20-71
72,V_20-72
73,V_20-73
74,V_20-74
75,V_20-75
76,V_20-76
77,V_20-77
78,V_20-78
79,V_20-79
80,V_20-80
81,V_20-81
82,V_20-82
83,V_20-83
84,V_20-84
85,V_20-85
86,V_20-86
87,V_20-87
88,V_20-88
89,V_20-89
90,V_20-90
91,V_20-91
92,V_20-92
93,V_20-93
94,V_20-94
95,V_20-95
96,V_20-96
97,V_20-97
98,V_20-98
99,V_20-99
100,V_20-100
101,V_20-101
102,V_20-102
103,V_20-103
104,V_20-104
105,V_20-105
106,V_20-106
107,V_20-107
108,V_20-108
109,V_20-109
110,V_20-110
111,V_20-111
112,V_20-112
113,V_20-113
114,V_20-114
115,V_20-115
116,V_20-116
117,V_20-117
118,V_20-118
119,V_20-119
120,V_20-120
121,V_20-121
122,V_20-122
123,V_20-123
124,V_20-124
125,V_20-125
126,V_20-126
127,V_20-127
128,V_20-128
129,V_20-129
130,V_20-130
131,V_20-131
132,V_20-132
133,V_20-133
134,V_20-134
135,V_20-135
136,V_20-136
137,V_20-137
138,V_20-138
139,V_20-139
140,V_20-140
141,V_20-141
142,V_20-142
143,V_20-143
144,V_20-144
145,V_20-145
146,V_20-146
147,V_20-147
148,V_20-148
149,V_20-149
150,V_20-150
151,V_20-151
152,V_20-152
153,V_20-153
154,V_20-154
155,V_20-155
156,V_20-156
157,V_20-157
158,V_20-158
159,V_20-159
160,V_20-160
161,V_20-161
162,V_20-162
163,V_20-163
164,V_20-164
165,V_20-165
166,V_20-166
167,V_20-167
168,V_20-168
169,V_20-169
170,V_20-170
171,V_20-171
172,V_20-172
173,V_20-173
174,V_20-174
175,V_20-175
176,V_20-176
177,V_20-177
178,V_20-178
179,V_20-179
180,V_20-180
181,V_20-181
182,V_20-182
183,V_20-183
184,V_20-184
185,V_20-185
186,V_20-186
187,V_20-187
188,V_20-188
189,V_20-189
190,V_20-190
191,V_20-191
192,V_20-192
193,V_20-193
194,V_20-194
195,V_20-195
196,V_20-196
197,V_20-197
198,V_20-198
199,V_20-199
200,V_20-200
201,V_20-201
202,V_20-202
203,V_20-203
204,V_20-204
205,V_20-205
206,V_20-206
207,V_20-207
208,V_20-208
209,V_20-209
210,V_20-210
211,V_20-211
212,V_20-212
213,V_20-213
214,V_20-214
215,V_20-215
216,V_20-216
217,V_20-217
218,V_20-218
219,V_20-219
220,V_20-220
221,V_20-221
222,V_20-222
223,V_20-223
224,V_20-224
225,V_20-225
226,V_20-226
227,V_20-227
228,V_20-228
229,V_20-229
230,V_20-230
231,V_20-231
232,V_20-232
233,V_20-233
234,V_20-234
235,V_20-235
236,V_20-236
237,V_20-237
238,V_20-238
239,V_20-239
240,V_20-240
241,V_20-241
242,V_20-242
243,V_20-243
244,V_20-244
245,V_20-245
246,V_20-246
247,V_20-247
248,V_20-248
249,V_20-249
250,V_20-250
251,V_20-251
252,V_20-252
253,V_20-253
254,V_20-254
255,V_20-255
256,V_20-256
257,V_20-257
258,V_20-258
259,V_20-259
260,V_20-260
261,V_20-261
262,V_20-262
263,V_20-263
264,V_20-264
265,V_20-265
266,V_20-266
267,V_20-267
268,V_20-268
269,V_20-269
270,V_20-270
271,V_20-271
272,V_20-272
273,V_20-273
274,V_20-274
275,V_20-275
276,V_20-276
277,V_20-277
278,V_20-278
279,V_20-279
280,V_20-280
281,V_20-281
282,V_20-282
283,V_20-283
284,V_20-284
285,V_20-285
286,V_20-286
287,V_20-287
288,V_20-288
289,V_20-289
290,V_20-290
291,V_20-291
292,V_20-292
293,V_20-293
294,V_20-294
295,V_20-295
296,V_20-296
297,V_20-297
298,V_20-298
299,V_20-299
300,V_20-300
301,V_20-301
302,V_20-302
303,V_20-303
304,V_20-304
305,V_20-305
306,V_20-306
307,V_20-307
308,V_20-308
309,V_20-309
310,V_20-310
311,V_20-311
312,V_20-312
313,V_20-313
314,V_20-314
315,V_20-315
316,V_20-316
317,V_20-317
318,V_20-318
319,V_20-319
320,V_20-320
321,V_20-321
322,V_20-322
323,V_20-323
324,V_20-324
325,V_20-325
326,V_20-326
327,V_20-327
328,V_20-328
329,V_20-329
330,V_20-330
331,V_20-331
332,V_20-332
333,V_20-333
334,V_20-334
335,V_20-335
336,V_20-336
337,V_20-337
338,V_20-338
339,V_20-339
340,V_20-340
341,V_20-341
342,V_20-342
343,V_20-343
344,V_20-344
345,V_20-345
346,V_20-346
347,V_20-347
348,V_20-348
349,V_20-349
350,V_20-350
351,V_20-351
352,V_20-352
353,V_20-353
354,V_20-354
355,V_20-355
356,V_20-356
357,V_20-357
358,V_20-358
359,V_20-359
360,V_20-360
361,V_20-361
362,V_20-362
363,V_20-363
364,V_20-364
365,V_20-365
366,V_20-366
367,V_20-367
368,V_20-368
369,V_20-369
370,V_20-370
371,V_20-371
372,V_20-372
373,V_20-373
374,V_20-374
375,V_20-375
376,V_20-376
377,V_20-377
378,V_20-378
379,V_20-379
380,V_20-380
381,V_20-381
382,V_20-382
383,V_20-383
384,V_20-384
385,V_20-385
386,V_20-386
387,V_20-387
388,V_20-388
389,V_20-389
390,V_20-390
391,V_20-391
392,V_20-392
393,V_20-393
394,V_20-394
395,V_20-395
396,V_20-396
397,V_20-397
398,V_20-398
399,V_20-399
400,V_20-400
401,V_20-401
402,V_20-402
403,V_20-403
404,V_20-404
405,V_20-405
406,V_20-406
407,V_20-407
408,V_20-408
409,V_20-409
410,V_20-410
411,V_20-411
412,V_20-412
413,V_20-413
414,V_20-414
415,V_20-415
416,V_20-416
417,V_20-417
418,V_20-418
419,V_20-419
420,V_20-420
421,V_20-421
422,V_20-422
423,V_20-423
424,V_20-424
425,V_20-425
426,V_20-426
427,V_20-427
428,V_20-428
429,V_20-429
430,V_20-430
431,V_20-431
432,V_20-432
433,V_20-433
434,V_20-434
435,V_20-435
436,V_20-436
437,V_20-437
438,V_20-438
439,V_20-439
440,V_20-440
441,V_20-441
442,V_20-442
443,V_20-443
444,V_20-444
445,V_20-445
446,V_20-446
447,V_20-447
448,V_20-448
449,V_20-449
450,V_20-450
451,V_20-451
452,V_20-452
453,V_20-453
454,V_20-454
455,V_20-455
456,V_20-456
457,V_20-457
458,V_20-458
459,V_20-459
460,V_20-460
461,V_20-461
462,V_20-462
463,V_20-463
464,V_20-464
465,V_20-465
466,V_20-466
467,V_20-467
468,V_20-468
469,V_20-469
470,V_20-470
471,V_20-471
472,V_20-472
473,V_20-473
474,V_20-474
475,V_20-475
476,V_20-476
477,V_20-477
478,V_20-478
479,V_20-479
480,V_20-480
481,V_20-481
482,V_20-482
483,V_20-483
484,V_20-484
485,V_20-485
486,V_20-486
487,V_20-487
488,V_20-488
489,V_20-489
490,V_20-490
491,V_20-491
492,V_20-492
493,V_20-493
494,V_20-494
495,V_20-495
496,V_20-496
497,V_20-497
498,V_20-498
499,V_20-499
500,V_20-500
501,V_20-501
502,V_20-502
503,V_20-503
504,V_20-504
505,V_20-505
506,V_20-506
507,V_20-507
508,V_20-508
509,V_20-509
510,V_20-510
511,V_20-511
512,V_20-512
513,V_20-513
514,V_20-514
515,V_20-515
516,V_20-516
517,V_20-517
518,V_20-518
519,V_20-519
520,V_20-520
521,V_20-521
522,V_20-522
523,V_20-523
524,V_20-524
525,V_20-525
526,V_20-526
527,V_20-527
528,V_20-528
529,V_20-529
530,V_20-530
531,V_20-531
532,V_20-532
533,V_20-533
534,V_20-534
535,V_20-535
536,V_20-536
537,V_20-537
538,V_20-538
539,V_20-539
540,V_20-540
541,V_20-541
542,V_20-542
543,V_20-543
544,V_20-544
545,V_20-545
546,V_20-546
547,V_20-547
548,V_20-548
549,V_20-549
550,V_20-550
551,V_20-551
552,V_20-552
553,V_20-553
554,V_20-554
555,V_20-555
556,V_20-556
557,V_20-557
558,V_20-558
559,V_20-559
560,V_20-560
561,V_20-561
562,V_20-562
563,V_20-563
564,V_20-564
565,V_20-565
566,V_20-566
567,V_20-567
568,V_20-568
569,V_20-569
570,V_20-570
571,V_20-571
572,V_20-572
573,V_20-573
574,V_20-574
575,V_20-575
576,V_20-576
577,V_20-577
578,V_20-578
579,V_20-579
580,V_20-580
581,V_20-581
582,V_20-582
583,V_20-583
584,V_20-584
585,V_20-585
586,V_20-586
587,V_20-587
588,V_20-588
589,V_20-589
590,V_20-590
591,V_20-591
592,V_20-592
593,V_20-593
594,V_20-594
595,V_20-595
596,V_20-596
597,V_20-597
598,V_20-598
599,V_20-599
600,V_20-600
601,V_20-601
602,V_20-602
603,V_20-603
604,V_20-604
605,V_20-605
606,V_20-606
607,V_20-607
608,V_20-608
609,V_20-609
610,V_20-610
611,V_20-611
612,V_20-612
613,V_20-613
614,V_20-614
615,V_20-615
616,V_20-616
617,V_20-617
618,V_20-618
619,V_20-619
620,V_20-620
621,V_20-621
622,V_20-622
623,V_20-623
624,V_20-624
625,V_20-625
626,V_20-626
627,V_20-627
628,V_20-628
629,V_20-629
630,V_20-630
631,V_20-631
632,V_20-632
633,V_20-633
634,V_20-634
635,V_20-635
636,V_20-636
637,V_20-637
638,V_20-638
639,V_20-639
640,V_20-640
641,V_20-641
642,V_20-642
643,V_20-643
644,V_20-644
645,V_20-645
646,V_20-646
647,V_20-647
648,V_20-648
649,V_20-649
650,V_20-650
651,V_20-651
652,V_20-652
653,V_20-653
654,V_20-654
655,V_20-655
656,V_20-656
657,V_20-657
658,V_20-658
659,V_20-659
660,V_20-660
661,V_20-661
662,V_20-662
663,V_20-663
664,V_20-664
665,V_20-665
666,V_20-666
667,V_20-667
668,V_20-668
669,V_20-669
670,V_20-670
671,V_20-671
672,V_20-672
673,V_20-673
674,V_20-674
675,V_20-675
676,V_20-676
677,V_20-677
678,V_20-678
679,V_20-679
680,V_20-680
681,V_20-681
682,V_20-682
683,V_20-683
684,V_20-684
685,V_20-685
686,V_20-686
687,V_20-687
688,V_20-688
689,V_20-689
690,V_20-690
691,V_20-691
692,V_20-692
693,V_20-693
694,V_20-694
695,V_20-695
696,V_20-696
697,V_20-697
698,V_20-698
699,V_20-699
700,V_20-700
701,V_20-701
702,V_20-702
703,V_20-703
704,V_20-704
705,V_20-705
706,V_20-706
707,V_20-707
708,V_20-708
709,V_20-709
710,V_20-710
711,V_20-711
712,V_20-712
713,V_20-713
714,V_20-714
715,V_20-715
716,V_20-716
717,V_20-717
718,V_20-718
719,V_20-719
720,V_20-720
721,V_20-721
722,V_20-722
723,V_20-723
724,V_20-724
725,V_20-725
726,V_20-726
727,V_20-727
728,V_20-728
729,V_20-729
730,V_20-730
731,V_20-731
732,V_20-732
733,V_20-733
734,V_20-734
735,V_20-735
736,V_20-736
737,V_20-737
738,V_20-738
739,V_20-739
740,V_20-740
741,V_20-741
742,V_20-742
743,V_20-743
744,V_20-744
745,V_20-745
746,V_20-746
747,V_20-747
748,V_20-748
749,V_20-749
750,V_20-750
751,V_20-751
752,V_20-752
753,V_20-753
754,V_20-754
755,V_20-755
756,V_20-756
757,V_20-757
758,V_20-758
759,V_20-759
760,V_20-760
761,V_20-761
762,V_20-762
763,V_20-763
764,V_20-764
765,V_20-765
766,V_20-766
767,V_20-767
768,V_20-768
769,V_20-769
770,V_20-770
771,V_20-771
772,V_20-772
773,V_20-773
774,V_20-774
775,V_20-775
776,V_20-776
777,V_20-777
778,V_20-778
779,V_20-779
780,V_20-780
781,V_20-781
782,V_20-782
783,V_20-783
784,V_20-784
785,V_20-785
786,V_20-786
787,V_20-787
788,V_20-788
789,V_20-789
790,V_20-790
791,V_20-791
792,V_20-792
793,V_20-793
794,V_20-794
795,V_20-795
796,V_20-796
797,V_20-797
798,V_20-798
799,V_20-799
800,V_20-800
801,V_20-801
802,V_20-802
803,V_20-803
804,V_20-804
805,V_20-805
806,V_20-806
807,V_20-807
808,V_20-808
809,V_20-809
810,V_20-810
811,V_20-811
812,V_20-812
813,V_20-813
814,V_20-814
815,V_20-815
816,V_20-816
817,V_20-817
818,V_20-818
819,V_20-819
820,V_20-820
821,V_20-821
822,V_20-822
823,V_20-823
824,V_20-824
825,V_20-825
826,V_20-826
827,V_20-827
828,V_20-828
829,V_20-829
830,V_20-830
831,V_20-831
832,V_20-832
833,V_20-833
834,V_20-834
835,V_20-835
836,V_20-836
837,V_20-837
838,V_20-838
839,V_20-839
840,V_20-840
841,V_20-841
842,V_20-842
843,V_20-843
844,V_20-844
845,V_20-845
846,V_20-846
847,V_20-847
848,V_20-848
849,V_20-849
850,V_20-850
851,V_20-851
852,V_20-852
853,V_20-853
854,V_20-854
855,V_20-855
856,V_20-856
857,V_20-857
858,V_20-858
859,V_20-859
860,V_20-860
861,V_20-861
862,V_20-862
863,V_20-863
864,V_20-864
865,V_20-865
866,V_20-866
867,V_20-867
868,V_20-868
869,V_20-869
870,V_20-870
871,V_20-871
872,V_20-872
873,V_20-873
874,V_20-874
875,V_20-875
876,V_20-876
877,V_20-877
878,V_20-878
879,V_20-879
880,V_20-880
881,V_20-881
882,V_20-882
883,V_20-883
884,V_20-884
885,V_20-885
886,V_20-886
887,V_20-887
888,V_20-888
889,V_20-889
890,V_20-890
891,V_20-891
892,V_20-892
893,V_20-893
894,V_20-894
895,V_20-895
896,V_20-896
897,V_20-897
898,V_20-898
899,V_20-899
900,V_20-900
901,V_20-901
902,V_20-902
903,V_20-903
904,V_20-904
905,V_20-905
906,V_20-906
907,V_20-907
908,V_20-908
909,V_20-909
910,V_20-910
911,V_20-911
912,V_20-912
913,V_20-913
914,V_20-914
915,V_20-915
916,V_20-916
917,V_20-917
918,V_20-918
919,V_20-919
920,V_20-920
921,V_20-921
922,V_20-922
923,V_20-923
924,V_20-924
925,V_20-925
926,V_20-926
927,V_20-927
928,V_20-928
929,V_20-929
930,V_20-930
931,V_20-931
932,V_20-932
933,V_20-933
934,V_20-934
935,V_20-935
936,V_20-936
937,V_20-937
938,V_20-938
939,V_20-939
940,V_20-940
941,V_20-941
942,V_20-942
943,V_20-943
944,V_20-944
945,V_20-945
946,V_20-946
947,V_20-947
948,V_20-948
949,V_20-949
950,V_20-950
951,V_20-951
952,V_20-952
953,V_20-953
954,V_20-954
955,V_20-955
956,V_20-956
957,V_20-957
958,V_20-958
959,V_20-959
960,V_20-960
961,V_20-961
962,V_20-962
963,V_20-963
964,V_20-964
965,V_20-965
966,V_20-966
967,V_20-967
968,V_20-968
969,V_20-969
970,V_20-970
971,V_20-971
972,V_20-972
973,V_20-973
974,V_20-974
975,V_20-975
976,V_20-976
977,V_20-977
978,V_20-978
979,V_20-979
980,V_20-980
981,V_20-981
982,V_20-982
983,V_20-983
984,V_20-984
985,V_20-985
986,V_20-986
987,V_20-987
988,V_20-988
989,V_20-989
990,V_20-990
991,V_20-991
992,V_20-992
993,V_20-993
994,V_20-994
995,V_20-995
996,V_20-996
997,V_20-997
998,V_20-998
999,V_20-999
1000,V_20-1000
