ID,P20,P21
1,V_20-1,V_21-1
2,V_20-2,V_21-2
3,V_20-3,V_21-3
4,V_20-4,V_21-4
5,V_20-5,V_21-5
6,V_20-6,V_21-6
7,V_20-7,V_21-7
8,V_20-8,V_21-8
9,V_20-9,V_21-9
10,V_20-10,V_21-10
11,V_20-11,V_21-11
12,V_20-12,V_21-12
13,V_20-13,V_21-13
14,V_20-14,V_21-14
15,V_20-15,V_21-15
16,V_20-16,V_21-16
17,V_20-17,V_21-17
18,V_20-18,V_21-18
19,V_20-19,V_21-19
20,V_20-20,V_21-20
21,V_20-21,V_21-21
22,V_20-22,V_21-22
23,V_20-23,V_21-23
24,V_20-24,V_21-24
25,V_20-25,V_21-25
26,V_20-26,V_21-26
27,V_20-27,V_21-27
28,V_20-28,V_21-28
29,V_20-29,V_21-29
30,V_20-30,V_21-30
31,V_20-31,V_21-31
32,V_20-32,V_21-32
33,V_20-33,V_21-33
34,V_20-34,V_21-34
35,V_20-35,V_21-35
36,V_20-36,V_21-36
37,V_20-37,V_21-37
38,V_20-38,V_21-38
39,V_20-39,V_21-39
40,V_20-40,V_21-40
41,V_20-41,V_21-41
42,V_20-42,V_21-42
43,V_20-43,V_21-43
44,V_20-44,V_21-44
45,V_20-45,V_21-45
46,V_20-46,V_21-46
47,V_20-47,V_21-47
48,V_20-48,V_21-48
49,V_20-49,V_21-49
50,V_20-50,V_21-50
51,V_20-51,V_21-51
52,V_20-52,V_21-52
53,V_20-53,V_21-53
54,V_20-54,V_21-54
55,V_20-55,V_21-55
56,V_20-56,V_21-56
57,V_20-57,V_21-57
58,V_20-58,V_21-58
59,V_20-59,V_21-59
60,V_20-60,V_21-60
61,V_20-61,V_21-61
62,V_20-62,V_21-62
63,V_20-63,V_21-63
64,V_20-64,V_21-64
65,V_20-65,V_21-65
66,V_20-66,V_21-66
67,V_20-67,V_21-67
68,V_20-68,V_21-68
69,V_20-69,V_21-69
70,V_20-70,V_21-70
71,V_20-71,V_21-71
72,V_20-72,V_21-72
73,V_20-73,V_21-73
74,V_20-74,V_21-74
75,V_20-75,V_21-75
76,V_20-76,V_21-76
77,V_20-77,V_21-77
78,V_20-78,V_21-78
79,V_20-79,V_21-79
80,V_20-80,V_21-80
81,V_20-81,V_21-81
82,V_20-82,V_21-82
83,V_20-83,V_21-83
84,V_20-84,V_21-84
85,V_20-85,V_21-85
86,V_20-86,V_21-86
87,V_20-87,V_21-87
88,V_20-88,V_21-88
89,V_20-89,V_21-89
90,V_20-90,V_21-90
91,V_20-91,V_21-91
92,V_20-92,V_21-92
93,V_20-93,V_21-93
94,V_20-94,V_21-94
95,V_20-95,V_21-95
96,V_20-96,V_21-96
97,V_20-97,V_21-97
98,V_20-98,V_21-98
99,V_20-99,V_21-99
100,V_20-100,V_21-100
101,V_20-101,V_21-101
102,V_20-102,V_21-102
103,V_20-103,V_21-103
104,V_20-104,V_21-104
105,V_20-105,V_21-105
106,V_20-106,V_21-106
107,V_20-107,V_21-107
108,V_20-108,V_21-108
109,V_20-109,V_21-109
110,V_20-110,V_21-110
111,V_20-111,V_21-111
112,V_20-112,V_21-112
113,V_20-113,V_21-113
114,V_20-114,V_21-114
115,V_20-115,V_21-115
116,V_20-116,V_21-116
117,V_20-117,V_21-117
118,V_20-118,V_21-118
119,V_20-119,V_21-119
120,V_20-120,V_21-120
121,V_20-121,V_21-121
122,V_20-122,V_21-122
123,V_20-123,V_21-123
124,V_20-124,V_21-124
125,V_20-125,V_21-125
126,V_20-126,V_21-126
127,V_20-127,V_21-127
128,V_20-128,V_21-128
129,V_20-129,V_21-129
130,V_20-130,V_21-130
131,V_20-131,V_21-131
132,V_20-132,V_21-132
133,V_20-133,V_21-133
134,V_20-134,V_21-134
135,V_20-135,V_21-135
136,V_20-136,V_21-136
137,V_20-137,V_21-137
138,V_20-138,V_21-138
139,V_20-139,V_21-139
140,V_20-140,V_21-140
141,V_20-141,V_21-141
142,V_20-142,V_21-142
143,V_20-143,V_21-143
144,V_20-144,V_21-144
145,V_20-145,V_21-145
146,V_20-146,V_21-146
147,V_20-147,V_21-147
148,V_20-148,V_21-148
149,V_20-149,V_21-149
150,V_20-150,V_21-150
151,V_20-151,V_21-151
152,V_20-152,V_21-152
153,V_20-153,V_21-153
154,V_20-154,V_21-154
155,V_20-155,V_21-155
156,V_20-156,V_21-156
157,V_20-157,V_21-157
158,V_20-158,V_21-158
159,V_20-159,V_21-159
160,V_20-160,V_21-160
161,V_20-161,V_21-161
162,V_20-162,V_21-162
163,V_20-163,V_21-163
164,V_20-164,V_21-164
165,V_20-165,V_21-165
166,V_20-166,V_21-166
167,V_20-167,V_21-167
168,V_20-168,V_21-168
169,V_20-169,V_21-169
170,V_20-170,V_21-170
171,V_20-171,V_21-171
172,V_20-172,V_21-172
173,V_20-173,V_21-173
174,V_20-174,V_21-174
175,V_20-175,V_21-175
176,V_20-176,V_21-176
177,V_20-177,V_21-177
178,V_20-178,V_21-178
179,V_20-179,V_21-179
180,V_20-180,V_21-180
181,V_20-181,V_21-181
182,V_20-182,V_21-182
183,V_20-183,V_21-183
184,V_20-184,V_21-184
185,V_20-185,V_21-185
186,V_20-186,V_21-186
187,V_20-187,V_21-187
188,V_20-188,V_21-188
189,V_20-189,V_21-189
190,V_20-190,V_21-190
191,V_20-191,V_21-191
192,V_20-192,V_21-192
193,V_20-193,V_21-193
194,V_20-194,V_21-194
195,V_20-195,V_21-195
196,V_20-196,V_21-196
197,V_20-197,V_21-197
198,V_20-198,V_21-198
199,V_20-199,V_21-199
200,V_20-200,V_21-200
201,V_20-201,V_21-201
202,V_20-202,V_21-202
203,V_20-203,V_21-203
204,V_20-204,V_21-204
205,V_20-205,V_21-205
206,V_20-206,V_21-206
207,V_20-207,V_21-207
208,V_20-208,V_21-208
209,V_20-209,V_21-209
210,V_20-210,V_21-210
211,V_20-211,V_21-211
212,V_20-212,V_21-212
213,V_20-213,V_21-213
214,V_20-214,V_21-214
215,V_20-215,V_21-215
216,V_20-216,V_21-216
217,V_20-217,V_21-217
218,V_20-218,V_21-218
219,V_20-219,V_21-219
220,V_20-220,V_21-220
221,V_20-221,V_21-221
222,V_20-222,V_21-222
223,V_20-223,V_21-223
224,V_20-224,V_21-224
225,V_20-225,V_21-225
226,V_20-226,V_21-226
227,V_20-227,V_21-227
228,V_20-228,V_21-228
229,V_20-229,V_21-229
230,V_20-230,V_21-230
231,V_20-231,V_21-231
232,V_20-232,V_21-232
233,V_20-233,V_21-233
234,V_20-234,V_21-234
235,V_20-235,V_21-235
236,V_20-236,V_21-236
237,V_20-237,V_21-237
238,V_20-238,V_21-238
239,V_20-239,V_21-239
240,V_20-240,V_21-240
241,V_20-241,V_21-241
242,V_20-242,V_21-242
243,V_20-243,V_21-243
244,V_20-244,V_21-244
245,V_20-245,V_21-245
246,V_20-246,V_21-246
247,V_20-247,V_21-247
248,V_20-248,V_21-248
249,V_20-249,V_21-249
250,V_20-250,V_21-250
251,V_20-251,V_21-251
252,V_20-252,V_21-252
253,V_20-253,V_21-253
254,V_20-254,V_21-254
255,V_20-255,V_21-255
256,V_20-256,V_21-256
257,V_20-257,V_21-257
258,V_20-258,V_21-258
259,V_20-259,V_21-259
260,V_20-260,V_21-260
261,V_20-261,V_21-261
262,V_20-262,V_21-262
263,V_20-263,V_21-263
264,V_20-264,V_21-264
265,V_20-265,V_21-265
266,V_20-266,V_21-266
267,V_20-267,V_21-267
268,V_20-268,V_21-268
269,V_20-269,V_21-269
270,V_20-270,V_21-270
271,V_20-271,V_21-271
272,V_20-272,V_21-272
273,V_20-273,V_21-273
274,V_20-274,V_21-274
275,V_20-275,V_21-275
276,V_20-276,V_21-276
277,V_20-277,V_21-277
278,V_20-278,V_21-278
279,V_20-279,V_21-279
280,V_20-280,V_21-280
281,V_20-281,V_21-281
282,V_20-282,V_21-282
283,V_20-283,V_21-283
284,V_20-284,V_21-284
285,V_20-285,V_21-285
286,V_20-286,V_21-286
287,V_20-287,V_21-287
288,V_20-288,V_21-288
289,V_20-289,V_21-289
290,V_20-290,V_21-290
291,V_20-291,V_21-291
292,V_20-292,V_21-292
293,V_20-293,V_21-293
294,V_20-294,V_21-294
295,V_20-295,V_21-295
296,V_20-296,V_21-296
297,V_20-297,V_21-297
298,V_20-298,V_21-298
299,V_20-299,V_21-299
300,V_20-300,V_21-300
301,V_20-301,V_21-301
302,V_20-302,V_21-302
303,V_20-303,V_21-303
304,V_20-304,V_21-304
305,V_20-305,V_21-305
306,V_20-306,V_21-306
307,V_20-307,V_21-307
308,V_20-308,V_21-308
309,V_20-309,V_21-309
310,V_20-310,V_21-310
311,V_20-311,V_21-311
312,V_20-312,V_21-312
313,V_20-313,V_21-313
314,V_20-314,V_21-314
315,V_20-315,V_21-315
316,V_20-316,V_21-316
317,V_20-317,V_21-317
318,V_20-318,V_21-318
319,V_20-319,V_21-319
320,V_20-320,V_21-320
321,V_20-321,V_21-321
322,V_20-322,V_21-322
323,V_20-323,V_21-323
324,V_20-324,V_21-324
325,V_20-325,V_21-325
326,V_20-326,V_21-326
327,V_20-327,V_21-327
328,V_20-328,V_21-328
329,V_20-329,V_21-329
330,V_20-330,V_21-330
331,V_20-331,V_21-331
332,V_20-332,V_21-332
333,V_20-333,V_21-333
334,V_20-334,V_21-334
335,V_20-335,V_21-335
336,V_20-336,V_21-336
337,V_20-337,V_21-337
338,V_20-338,V_21-338
339,V_20-339,V_21-339
340,V_20-340,V_21-340
341,V_20-341,V_21-341
342,V_20-342,V_21-342
343,V_20-343,V_21-343
344,V_20-344,V_21-344
345,V_20-345,V_21-345
346,V_20-346,V_21-346
347,V_20-347,V_21-347
348,V_20-348,V_21-348
349,V_20-349,V_21-349
350,V_20-350,V_21-350
351,V_20-351,V_21-351
352,V_20-352,V_21-352
353,V_20-353,V_21-353
354,V_20-354,V_21-354
355,V_20-355,V_21-355
356,V_20-356,V_21-356
357,V_20-357,V_21-357
358,V_20-358,V_21-358
359,V_20-359,V_21-359
360,V_20-360,V_21-360
361,V_20-361,V_21-361
362,V_20-362,V_21-362
363,V_20-363,V_21-363
364,V_20-364,V_21-364
365,V_20-365,V_21-365
366,V_20-366,V_21-366
367,V_20-367,V_21-367
368,V_20-368,V_21-368
369,V_20-369,V_21-369
370,V_20-370,V_21-370
371,V_20-371,V_21-371
372,V_20-372,V_21-372
373,V_20-373,V_21-373
374,V_20-374,V_21-374
375,V_20-375,V_21-375
376,V_20-376,V_21-376
377,V_20-377,V_21-377
378,V_20-378,V_21-378
379,V_20-379,V_21-379
380,V_20-380,V_21-380
381,V_20-381,V_21-381
382,V_20-382,V_21-382
383,V_20-383,V_21-383
384,V_20-384,V_21-384
385,V_20-385,V_21-385
386,V_20-386,V_21-386
387,V_20-387,V_21-387
388,V_20-388,V_21-388
389,V_20-389,V_21-389
390,V_20-390,V_21-390
391,V_20-391,V_21-391
392,V_20-392,V_21-392
393,V_20-393,V_21-393
394,V_20-394,V_21-394
395,V_20-395,V_21-395
396,V_20-396,V_21-396
397,V_20-397,V_21-397
398,V_20-398,V_21-398
399,V_20-399,V_21-399
400,V_20-400,V_21-400
401,V_20-401,V_21-401
402,V_20-402,V_21-402
403,V_20-403,V_21-403
404,V_20-404,V_21-404
405,V_20-405,V_21-405
406,V_20-406,V_21-406
407,V_20-407,V_21-407
408,V_20-408,V_21-408
409,V_20-409,V_21-409
410,V_20-410,V_21-410
411,V_20-411,V_21-411
412,V_20-412,V_21-412
413,V_20-413,V_21-413
414,V_20-414,V_21-414
415,V_20-415,V_21-415
416,V_20-416,V_21-416
417,V_20-417,V_21-417
418,V_20-418,V_21-418
419,V_20-419,V_21-419
420,V_20-420,V_21-420
421,V_20-421,V_21-421
422,V_20-422,V_21-422
423,V_20-423,V_21-423
424,V_20-424,V_21-424
425,V_20-425,V_21-425
426,V_20-426,V_21-426
427,V_20-427,V_21-427
428,V_20-428,V_21-428
429,V_20-429,V_21-429
430,V_20-430,V_21-430
431,V_20-431,V_21-431
432,V_20-432,V_21-432
433,V_20-433,V_21-433
434,V_20-434,V_21-434
435,V_20-435,V_21-435
436,V_20-436,V_21-436
437,V_20-437,V_21-437
438,V_20-438,V_21-438
439,V_20-439,V_21-439
440,V_20-440,V_21-440
441,V_20-441,V_21-441
442,V_20-442,V_21-442
443,V_20-443,V_21-443
444,V_20-444,V_21-444
445,V_20-445,V_21-445
446,V_20-446,V_21-446
447,V_20-447,V_21-447
448,V_20-448,V_21-448
449,V_20-449,V_21-449
450,V_20-450,V_21-450
451,V_20-451,V_21-451
452,V_20-452,V_21-452
453,V_20-453,V_21-453
454,V_20-454,V_21-454
455,V_20-455,V_21-455
456,V_20-456,V_21-456
457,V_20-457,V_21-457
458,V_20-458,V_21-458
459,V_20-459,V_21-459
460,V_20-460,V_21-460
461,V_20-461,V_21-461
462,V_20-462,V_21-462
463,V_20-463,V_21-463
464,V_20-464,V_21-464
465,V_20-465,V_21-465
466,V_20-466,V_21-466
467,V_20-467,V_21-467
468,V_20-468,V_21-468
469,V_20-469,V_21-469
470,V_20-470,V_21-470
471,V_20-471,V_21-471
472,V_20-472,V_21-472
473,V_20-473,V_21-473
474,V_20-474,V_21-474
475,V_20-475,V_21-475
476,V_20-476,V_21-476
477,V_20-477,V_21-477
478,V_20-478,V_21-478
479,V_20-479,V_21-479
480,V_20-480,V_21-480
481,V_20-481,V_21-481
482,V_20-482,V_21-482
483,V_20-483,V_21-483
484,V_20-484,V_21-484
485,V_20-485,V_21-485
486,V_20-486,V_21-486
487,V_20-487,V_21-487
488,V_20-488,V_21-488
489,V_20-489,V_21-489
490,V_20-490,V_21-490
491,V_20-491,V_21-491
492,V_20-492,V_21-492
493,V_20-493,V_21-493
494,V_20-494,V_21-494
495,V_20-495,V_21-495
496,V_20-496,V_21-496
497,V_20-497,V_21-497
498,V_20-498,V_21-498
499,V_20-499,V_21-499
500,V_20-500,V_21-500
501,V_20-501,V_21-501
502,V_20-502,V_21-502
503,V_20-503,V_21-503
504,V_20-504,V_21-504
505,V_20-505,V_21-505
506,V_20-506,V_21-506
507,V_20-507,V_21-507
508,V_20-508,V_21-508
509,V_20-509,V_21-509
510,V_20-510,V_21-510
511,V_20-511,V_21-511
512,V_20-512,V_21-512
513,V_20-513,V_21-513
514,V_20-514,V_21-514
515,V_20-515,V_21-515
516,V_20-516,V_21-516
517,V_20-517,V_21-517
518,V_20-518,V_21-518
519,V_20-519,V_21-519
520,V_20-520,V_21-520
521,V_20-521,V_21-521
522,V_20-522,V_21-522
523,V_20-523,V_21-523
524,V_20-524,V_21-524
525,V_20-525,V_21-525
526,V_20-526,V_21-526
527,V_20-527,V_21-527
528,V_20-528,V_21-528
529,V_20-529,V_21-529
530,V_20-530,V_21-530
531,V_20-531,V_21-531
532,V_20-532,V_21-532
533,V_20-533,V_21-533
534,V_20-534,V_21-534
535,V_20-535,V_21-535
536,V_20-536,V_21-536
537,V_20-537,V_21-537
538,V_20-538,V_21-538
539,V_20-539,V_21-539
540,V_20-540,V_21-540
541,V_20-541,V_21-541
542,V_20-542,V_21-542
543,V_20-543,V_21-543
544,V_20-544,V_21-544
545,V_20-545,V_21-545
546,V_20-546,V_21-546
547,V_20-547,V_21-547
548,V_20-548,V_21-548
549,V_20-549,V_21-549
550,V_20-550,V_21-550
551,V_20-551,V_21-551
552,V_20-552,V_21-552
553,V_20-553,V_21-553
554,V_20-554,V_21-554
555,V_20-555,V_21-555
556,V_20-556,V_21-556
557,V_20-557,V_21-557
558,V_20-558,V_21-558
559,V_20-559,V_21-559
560,V_20-560,V_21-560
561,V_20-561,V_21-561
562,V_20-562,V_21-562
563,V_20-563,V_21-563
564,V_20-564,V_21-564
565,V_20-565,V_21-565
566,V_20-566,V_21-566
567,V_20-567,V_21-567
568,V_20-568,V_21-568
569,V_20-569,V_21-569
570,V_20-570,V_21-570
571,V_20-571,V_21-571
572,V_20-572,V_21-572
573,V_20-573,V_21-573
574,V_20-574,V_21-574
575,V_20-575,V_21-575
576,V_20-576,V_21-576
577,V_20-577,V_21-577
578,V_20-578,V_21-578
579,V_20-579,V_21-579
580,V_20-580,V_21-580
581,V_20-581,V_21-581
582,V_20-582,V_21-582
583,V_20-583,V_21-583
584,V_20-584,V_21-584
585,V_20-585,V_21-585
586,V_20-586,V_21-586
587,V_20-587,V_21-587
588,V_20-588,V_21-588
589,V_20-589,V_21-589
590,V_20-590,V_21-590
591,V_20-591,V_21-591
592,V_20-592,V_21-592
593,V_20-593,V_21-593
594,V_20-594,V_21-594
595,V_20-595,V_21-595
596,V_20-596,V_21-596
597,V_20-597,V_21-597
598,V_20-598,V_21-598
599,V_20-599,V_21-599
600,V_20-600,V_21-600
601,V_20-601,V_21-601
602,V_20-602,V_21-602
603,V_20-603,V_21-603
604,V_20-604,V_21-604
605,V_20-605,V_21-605
606,V_20-606,V_21-606
607,V_20-607,V_21-607
608,V_20-608,V_21-608
609,V_20-609,V_21-609
610,V_20-610,V_21-610
611,V_20-611,V_21-611
612,V_20-612,V_21-612
613,V_20-613,V_21-613
614,V_20-614,V_21-614
615,V_20-615,V_21-615
616,V_20-616,V_21-616
617,V_20-617,V_21-617
618,V_20-618,V_21-618
619,V_20-619,V_21-619
620,V_20-620,V_21-620
621,V_20-621,V_21-621
622,V_20-622,V_21-622
623,V_20-623,V_21-623
624,V_20-624,V_21-624
625,V_20-625,V_21-625
626,V_20-626,V_21-626
627,V_20-627,V_21-627
628,V_20-628,V_21-628
629,V_20-629,V_21-629
630,V_20-630,V_21-630
631,V_20-631,V_21-631
632,V_20-632,V_21-632
633,V_20-633,V_21-633
634,V_20-634,V_21-634
635,V_20-635,V_21-635
636,V_20-636,V_21-636
637,V_20-637,V_21-637
638,V_20-638,V_21-638
639,V_20-639,V_21-639
640,V_20-640,V_21-640
641,V_20-641,V_21-641
642,V_20-642,V_21-642
643,V_20-643,V_21-643
644,V_20-644,V_21-644
645,V_20-645,V_21-645
646,V_20-646,V_21-646
647,V_20-647,V_21-647
648,V_20-648,V_21-648
649,V_20-649,V_21-649
650,V_20-650,V_21-650
651,V_20-651,V_21-651
652,V_20-652,V_21-652
653,V_20-653,V_21-653
654,V_20-654,V_21-654
655,V_20-655,V_21-655
656,V_20-656,V_21-656
657,V_20-657,V_21-657
658,V_20-658,V_21-658
659,V_20-659,V_21-659
660,V_20-660,V_21-660
661,V_20-661,V_21-661
662,V_20-662,V_21-662
663,V_20-663,V_21-663
664,V_20-664,V_21-664
665,V_20-665,V_21-665
666,V_20-666,V_21-666
667,V_20-667,V_21-667
668,V_20-668,V_21-668
669,V_20-669,V_21-669
670,V_20-670,V_21-670
671,V_20-671,V_21-671
672,V_20-672,V_21-672
673,V_20-673,V_21-673
674,V_20-674,V_21-674
675,V_20-675,V_21-675
676,V_20-676,V_21-676
677,V_20-677,V_21-677
678,V_20-678,V_21-678
679,V_20-679,V_21-679
680,V_20-680,V_21-680
681,V_20-681,V_21-681
682,V_20-682,V_21-682
683,V_20-683,V_21-683
684,V_20-684,V_21-684
685,V_20-685,V_21-685
686,V_20-686,V_21-686
687,V_20-687,V_21-687
688,V_20-688,V_21-688
689,V_20-689,V_21-689
690,V_20-690,V_21-690
691,V_20-691,V_21-691
692,V_20-692,V_21-692
693,V_20-693,V_21-693
694,V_20-694,V_21-694
695,V_20-695,V_21-695
696,V_20-696,V_21-696
697,V_20-697,V_21-697
698,V_20-698,V_21-698
699,V_20-699,V_21-699
700,V_20-700,V_21-700
701,V_20-701,V_21-701
702,V_20-702,V_21-702
703,V_20-703,V_21-703
704,V_20-704,V_21-704
705,V_20-705,V_21-705
706,V_20-706,V_21-706
707,V_20-707,V_21-707
708,V_20-708,V_21-708
709,V_20-709,V_21-709
710,V_20-710,V_21-710
711,V_20-711,V_21-711
712,V_20-712,V_21-712
713,V_20-713,V_21-713
714,V_20-714,V_21-714
715,V_20-715,V_21-715
716,V_20-716,V_21-716
717,V_20-717,V_21-717
718,V_20-718,V_21-718
719,V_20-719,V_21-719
720,V_20-720,V_21-720
721,V_20-721,V_21-721
722,V_20-722,V_21-722
723,V_20-723,V_21-723
724,V_20-724,V_21-724
725,V_20-725,V_21-725
726,V_20-726,V_21-726
727,V_20-727,V_21-727
728,V_20-728,V_21-728
729,V_20-729,V_21-729
730,V_20-730,V_21-730
731,V_20-731,V_21-731
732,V_20-732,V_21-732
733,V_20-733,V_21-733
734,V_20-734,V_21-734
735,V_20-735,V_21-735
736,V_20-736,V_21-736
737,V_20-737,V_21-737
738,V_20-738,V_21-738
739,V_20-739,V_21-739
740,V_20-740,V_21-740
741,V_20-741,V_21-741
742,V_20-742,V_21-742
743,V_20-743,V_21-743
744,V_20-744,V_21-744
745,V_20-745,V_21-745
746,V_20-746,V_21-746
747,V_20-747,V_21-747
748,V_20-748,V_21-748
749,V_20-749,V_21-749
750,V_20-750,V_21-750
751,V_20-751,V_21-751
752,V_20-752,V_21-752
753,V_20-753,V_21-753
754,V_20-754,V_21-754
755,V_20-755,V_21-755
756,V_20-756,V_21-756
757,V_20-757,V_21-757
758,V_20-758,V_21-758
759,V_20-759,V_21-759
760,V_20-760,V_21-760
761,V_20-761,V_21-761
762,V_20-762,V_21-762
763,V_20-763,V_21-763
764,V_20-764,V_21-764
765,V_20-765,V_21-765
766,V_20-766,V_21-766
767,V_20-767,V_21-767
768,V_20-768,V_21-768
769,V_20-769,V_21-769
770,V_20-770,V_21-770
771,V_20-771,V_21-771
772,V_20-772,V_21-772
773,V_20-773,V_21-773
774,V_20-774,V_21-774
775,V_20-775,V_21-775
776,V_20-776,V_21-776
777,V_20-777,V_21-777
778,V_20-778,V_21-778
779,V_20-779,V_21-779
780,V_20-780,V_21-780
781,V_20-781,V_21-781
782,V_20-782,V_21-782
783,V_20-783,V_21-783
784,V_20-784,V_21-784
785,V_20-785,V_21-785
786,V_20-786,V_21-786
787,V_20-787,V_21-787
788,V_20-788,V_21-788
789,V_20-789,V_21-789
790,V_20-790,V_21-790
791,V_20-791,V_21-791
792,V_20-792,V_21-792
793,V_20-793,V_21-793
794,V_20-794,V_21-794
795,V_20-795,V_21-795
796,V_20-796,V_21-796
797,V_20-797,V_21-797
798,V_20-798,V_21-798
799,V_20-799,V_21-799
800,V_20-800,V_21-800
801,V_20-801,V_21-801
802,V_20-802,V_21-802
803,V_20-803,V_21-803
804,V_20-804,V_21-804
805,V_20-805,V_21-805
806,V_20-806,V_21-806
807,V_20-807,V_21-807
808,V_20-808,V_21-808
809,V_20-809,V_21-809
810,V_20-810,V_21-810
811,V_20-811,V_21-811
812,V_20-812,V_21-812
813,V_20-813,V_21-813
814,V_20-814,V_21-814
815,V_20-815,V_21-815
816,V_20-816,V_21-816
817,V_20-817,V_21-817
818,V_20-818,V_21-818
819,V_20-819,V_21-819
820,V_20-820,V_21-820
821,V_20-821,V_21-821
822,V_20-822,V_21-822
823,V_20-823,V_21-823
824,V_20-824,V_21-824
825,V_20-825,V_21-825
826,V_20-826,V_21-826
827,V_20-827,V_21-827
828,V_20-828,V_21-828
829,V_20-829,V_21-829
830,V_20-830,V_21-830
831,V_20-831,V_21-831
832,V_20-832,V_21-832
833,V_20-833,V_21-833
834,V_20-834,V_21-834
835,V_20-835,V_21-835
836,V_20-836,V_21-836
837,V_20-837,V_21-837
838,V_20-838,V_21-838
839,V_20-839,V_21-839
840,V_20-840,V_21-840
841,V_20-841,V_21-841
842,V_20-842,V_21-842
843,V_20-843,V_21-843
844,V_20-844,V_21-844
845,V_20-845,V_21-845
846,V_20-846,V_21-846
847,V_20-847,V_21-847
848,V_20-848,V_21-848
849,V_20-849,V_21-849
850,V_20-850,V_21-850
851,V_20-851,V_21-851
852,V_20-852,V_21-852
853,V_20-853,V_21-853
854,V_20-854,V_21-854
855,V_20-855,V_21-855
856,V_20-856,V_21-856
857,V_20-857,V_21-857
858,V_20-858,V_21-858
859,V_20-859,V_21-859
860,V_20-860,V_21-860
861,V_20-861,V_21-861
862,V_20-862,V_21-862
863,V_20-863,V_21-863
864,V_20-864,V_21-864
865,V_20-865,V_21-865
866,V_20-866,V_21-866
867,V_20-867,V_21-867
868,V_20-868,V_21-868
869,V_20-869,V_21-869
870,V_20-870,V_21-870
871,V_20-871,V_21-871
872,V_20-872,V_21-872
873,V_20-873,V_21-873
874,V_20-874,V_21-874
875,V_20-875,V_21-875
876,V_20-876,V_21-876
877,V_20-877,V_21-877
878,V_20-878,V_21-878
879,V_20-879,V_21-879
880,V_20-880,V_21-880
881,V_20-881,V_21-881
882,V_20-882,V_21-882
883,V_20-883,V_21-883
884,V_20-884,V_21-884
885,V_20-885,V_21-885
886,V_20-886,V_21-886
887,V_20-887,V_21-887
888,V_20-888,V_21-888
889,V_20-889,V_21-889
890,V_20-890,V_21-890
891,V_20-891,V_21-891
892,V_20-892,V_21-892
893,V_20-893,V_21-893
894,V_20-894,V_21-894
895,V_20-895,V_21-895
896,V_20-896,V_21-896
897,V_20-897,V_21-897
898,V_20-898,V_21-898
899,V_20-899,V_21-899
900,V_20-900,V_21-900
901,V_20-901,V_21-901
902,V_20-902,V_21-902
903,V_20-903,V_21-903
904,V_20-904,V_21-904
905,V_20-905,V_21-905
906,V_20-906,V_21-906
907,V_20-907,V_21-907
908,V_20-908,V_21-908
909,V_20-909,V_21-909
910,V_20-910,V_21-910
911,V_20-911,V_21-911
912,V_20-912,V_21-912
913,V_20-913,V_21-913
914,V_20-914,V_21-914
915,V_20-915,V_21-915
916,V_20-916,V_21-916
917,V_20-917,V_21-917
918,V_20-918,V_21-918
919,V_20-919,V_21-919
920,V_20-920,V_21-920
921,V_20-921,V_21-921
922,V_20-922,V_21-922
923,V_20-923,V_21-923
924,V_20-924,V_21-924
925,V_20-925,V_21-925
926,V_20-926,V_21-926
927,V_20-927,V_21-927
928,V_20-928,V_21-928
929,V_20-929,V_21-929
930,V_20-930,V_21-930
931,V_20-931,V_21-931
932,V_20-932,V_21-932
933,V_20-933,V_21-933
934,V_20-934,V_21-934
935,V_20-935,V_21-935
936,V_20-936,V_21-936
937,V_20-937,V_21-937
938,V_20-938,V_21-938
939,V_20-939,V_21-939
940,V_20-940,V_21-940
941,V_20-941,V_21-941
942,V_20-942,V_21-942
943,V_20-943,V_21-943
944,V_20-944,V_21-944
945,V_20-945,V_21-945
946,V_20-946,V_21-946
947,V_20-947,V_21-947
948,V_20-948,V_21-948
949,V_20-949,V_21-949
950,V_20-950,V_21-950
951,V_20-951,V_21-951
952,V_20-952,V_21-952
953,V_20-953,V_21-953
954,V_20-954,V_21-954
955,V_20-955,V_21-955
956,V_20-956,V_21-956
957,V_20-957,V_21-957
958,V_20-958,V_21-958
959,V_20-959,V_21-959
960,V_20-960,V_21-960
961,V_20-961,V_21-961
962,V_20-962,V_21-962
963,V_20-963,V_21-963
964,V_20-964,V_21-964
965,V_20-965,V_21-965
966,V_20-966,V_21-966
967,V_20-967,V_21-967
968,V_20-968,V_21-968
969,V_20-969,V_21-969
970,V_20-970,V_21-970
971,V_20-971,V_21-971
972,V_20-972,V_21-972
973,V_20-973,V_21-973
974,V_20-974,V_21-974
975,V_20-975,V_21-975
976,V_20-976,V_21-976
977,V_20-977,V_21-977
978,V_20-978,V_21-978
979,V_20-979,V_21-979
980,V_20-980,V_21-980
981,V_20-981,V_21-981
982,V_20-982,V_21-982
983,V_20-983,V_21-983
984,V_20-984,V_21-984
985,V_20-985,V_21-985
986,V_20-986,V_21-986
987,V_20-987,V_21-987
988,V_20-988,V_21-988
989,V_20-989,V_21-989
990,V_20-990,V_21-990
991,V_20-991,V_21-991
992,V_20-992,V_21-992
993,V_20-993,V_21-993
994,V_20-994,V_21-994
995,V_20-995,V_21-995
996,V_20-996,V_21-996
997,V_20-997,V_21-997
998,V_20-998,V_21-998
999,V_20-999,V_21-999
1000,V_20-1000,V_21-1000
